,date,iso_code,location,total_cases,new_cases
148027,2020-03-01,USA,United States,32.0,7.0
148028,2020-03-02,USA,United States,55.0,23.0
148029,2020-03-03,USA,United States,74.0,19.0
148030,2020-03-04,USA,United States,107.0,33.0
148031,2020-03-05,USA,United States,184.0,77.0
148032,2020-03-06,USA,United States,237.0,53.0
148033,2020-03-07,USA,United States,403.0,166.0
148034,2020-03-08,USA,United States,519.0,116.0
148035,2020-03-09,USA,United States,594.0,75.0
148036,2020-03-10,USA,United States,782.0,188.0
148037,2020-03-11,USA,United States,1147.0,365.0
148038,2020-03-12,USA,United States,1586.0,439.0
148039,2020-03-13,USA,United States,2219.0,633.0
148040,2020-03-14,USA,United States,2978.0,759.0
148041,2020-03-15,USA,United States,3212.0,234.0
148042,2020-03-16,USA,United States,4679.0,1467.0
148043,2020-03-17,USA,United States,6512.0,1833.0
148044,2020-03-18,USA,United States,9169.0,2657.0
148045,2020-03-19,USA,United States,13663.0,4494.0
148046,2020-03-20,USA,United States,20030.0,6367.0
148047,2020-03-21,USA,United States,26025.0,5995.0
148048,2020-03-22,USA,United States,34944.0,8919.0
148049,2020-03-23,USA,United States,46096.0,11152.0
148050,2020-03-24,USA,United States,56714.0,10618.0
148051,2020-03-25,USA,United States,68841.0,12127.0
148052,2020-03-26,USA,United States,86662.0,17821.0
148053,2020-03-27,USA,United States,105253.0,18591.0
148054,2020-03-28,USA,United States,127417.0,22164.0
148055,2020-03-29,USA,United States,143544.0,16127.0
148056,2020-03-30,USA,United States,165698.0,22154.0
148057,2020-03-31,USA,United States,192079.0,26381.0
148058,2020-04-01,USA,United States,223531.0,31452.0
148059,2020-04-02,USA,United States,255619.0,32088.0
148060,2020-04-03,USA,United States,287823.0,32204.0
148061,2020-04-04,USA,United States,319714.0,31891.0
148062,2020-04-05,USA,United States,348956.0,29242.0
148063,2020-04-06,USA,United States,380685.0,31729.0
148064,2020-04-07,USA,United States,410750.0,30065.0
148065,2020-04-08,USA,United States,441828.0,31078.0
148066,2020-04-09,USA,United States,477439.0,35611.0
148067,2020-04-10,USA,United States,511778.0,34339.0
148068,2020-04-11,USA,United States,540651.0,28873.0
148069,2020-04-12,USA,United States,567102.0,26451.0
148070,2020-04-13,USA,United States,594143.0,27041.0
148071,2020-04-14,USA,United States,622492.0,28349.0
148072,2020-04-15,USA,United States,648122.0,25630.0
148073,2020-04-16,USA,United States,677791.0,29669.0
148074,2020-04-17,USA,United States,710585.0,32794.0
148075,2020-04-18,USA,United States,738145.0,27560.0
148076,2020-04-19,USA,United States,763786.0,25641.0
148077,2020-04-20,USA,United States,793812.0,30026.0
148078,2020-04-21,USA,United States,819739.0,25927.0
148079,2020-04-22,USA,United States,849125.0,29386.0
148080,2020-04-23,USA,United States,881502.0,32377.0
148081,2020-04-24,USA,United States,913444.0,31942.0
148082,2020-04-25,USA,United States,944509.0,31065.0
148083,2020-04-26,USA,United States,970648.0,26139.0
148084,2020-04-27,USA,United States,995277.0,24629.0
148085,2020-04-28,USA,United States,1019718.0,24441.0
148086,2020-04-29,USA,United States,1046323.0,26605.0
148087,2020-04-30,USA,United States,1075384.0,29061.0
148088,2020-05-01,USA,United States,1110657.0,35273.0
148089,2020-05-02,USA,United States,1137961.0,27304.0
148090,2020-05-03,USA,United States,1161844.0,23883.0
148091,2020-05-04,USA,United States,1185724.0,23880.0
148092,2020-05-05,USA,United States,1209657.0,23933.0
148093,2020-05-06,USA,United States,1234136.0,24479.0
148094,2020-05-07,USA,United States,1261636.0,27500.0
148095,2020-05-08,USA,United States,1288983.0,27347.0
148096,2020-05-09,USA,United States,1313531.0,24548.0
148097,2020-05-10,USA,United States,1332248.0,18717.0
148098,2020-05-11,USA,United States,1351304.0,19056.0
148099,2020-05-12,USA,United States,1374532.0,23228.0
148100,2020-05-13,USA,United States,1394493.0,19961.0
148101,2020-05-14,USA,United States,1420465.0,25972.0
148102,2020-05-15,USA,United States,1445346.0,24881.0
148103,2020-05-16,USA,United States,1469473.0,24127.0
148104,2020-05-17,USA,United States,1487848.0,18375.0
148105,2020-05-18,USA,United States,1510438.0,22590.0
148106,2020-05-19,USA,United States,1530989.0,20551.0
148107,2020-05-20,USA,United States,1553557.0,22568.0
148108,2020-05-21,USA,United States,1578936.0,25379.0
148109,2020-05-22,USA,United States,1602847.0,23911.0
148110,2020-05-23,USA,United States,1623003.0,20156.0
148111,2020-05-24,USA,United States,1643184.0,20181.0
148112,2020-05-25,USA,United States,1662107.0,18923.0
148113,2020-05-26,USA,United States,1680788.0,18681.0
148114,2020-05-27,USA,United States,1699701.0,18913.0
148115,2020-05-28,USA,United States,1720769.0,21068.0
148116,2020-05-29,USA,United States,1746010.0,25241.0
148117,2020-05-30,USA,United States,1769149.0,23139.0
148118,2020-05-31,USA,United States,1787437.0,18288.0
148119,2020-06-01,USA,United States,1804696.0,17259.0
148120,2020-06-02,USA,United States,1825905.0,21209.0
148121,2020-06-03,USA,United States,1845204.0,19299.0
148122,2020-06-04,USA,United States,1873255.0,28051.0
148123,2020-06-05,USA,United States,1899624.0,26369.0
148124,2020-06-06,USA,United States,1919964.0,20340.0
148125,2020-06-07,USA,United States,1937706.0,17742.0
148126,2020-06-08,USA,United States,1954628.0,16922.0
148127,2020-06-09,USA,United States,1974915.0,20287.0
148128,2020-06-10,USA,United States,1996563.0,21648.0
148129,2020-06-11,USA,United States,2018641.0,22078.0
148130,2020-06-12,USA,United States,2044427.0,25786.0
148131,2020-06-13,USA,United States,2068498.0,24071.0
148132,2020-06-14,USA,United States,2087590.0,19092.0
148133,2020-06-15,USA,United States,2108541.0,20951.0
148134,2020-06-16,USA,United States,2133209.0,24668.0
148135,2020-06-17,USA,United States,2160227.0,27018.0
148136,2020-06-18,USA,United States,2188006.0,27779.0
148137,2020-06-19,USA,United States,2219578.0,31572.0
148138,2020-06-20,USA,United States,2251416.0,31838.0
148139,2020-06-21,USA,United States,2277330.0,25914.0
148140,2020-06-22,USA,United States,2306880.0,29550.0
148141,2020-06-23,USA,United States,2345206.0,38326.0
148142,2020-06-24,USA,United States,2381556.0,36350.0
148143,2020-06-25,USA,United States,2420662.0,39106.0
148144,2020-06-26,USA,United States,2470212.0,49550.0
148145,2020-06-27,USA,United States,2511480.0,41268.0
148146,2020-06-28,USA,United States,2553742.0,42262.0
148147,2020-06-29,USA,United States,2595402.0,41660.0
148148,2020-06-30,USA,United States,2644784.0,49382.0
148149,2020-07-01,USA,United States,2694284.0,49500.0
148150,2020-07-02,USA,United States,2748867.0,54583.0
148151,2020-07-03,USA,United States,2800858.0,51991.0
148152,2020-07-04,USA,United States,2846807.0,45949.0
148153,2020-07-05,USA,United States,2900379.0,53572.0
148154,2020-07-06,USA,United States,2943360.0,42981.0
148155,2020-07-07,USA,United States,2999923.0,56563.0
148156,2020-07-08,USA,United States,3060967.0,61044.0
148157,2020-07-09,USA,United States,3120348.0,59381.0
148158,2020-07-10,USA,United States,3189128.0,68780.0
148159,2020-07-11,USA,United States,3249863.0,60735.0
148160,2020-07-12,USA,United States,3308684.0,58821.0
148161,2020-07-13,USA,United States,3369682.0,60998.0
148162,2020-07-14,USA,United States,3434744.0,65062.0
148163,2020-07-15,USA,United States,3501078.0,66334.0
148164,2020-07-16,USA,United States,3571432.0,70354.0
148165,2020-07-17,USA,United States,3638085.0,66653.0
148166,2020-07-18,USA,United States,3702801.0,64716.0
148167,2020-07-19,USA,United States,3761965.0,59164.0
148168,2020-07-20,USA,United States,3823086.0,61121.0
148169,2020-07-21,USA,United States,3890256.0,67170.0
148170,2020-07-22,USA,United States,3958328.0,68072.0
148171,2020-07-23,USA,United States,4026297.0,67969.0
148172,2020-07-24,USA,United States,4101707.0,75410.0
148173,2020-07-25,USA,United States,4164535.0,62828.0
148174,2020-07-26,USA,United States,4221243.0,56708.0
148175,2020-07-27,USA,United States,4281540.0,60297.0
148176,2020-07-28,USA,United States,4346507.0,64967.0
148177,2020-07-29,USA,United States,4411247.0,64740.0
148178,2020-07-30,USA,United States,4478951.0,67704.0
148179,2020-07-31,USA,United States,4544906.0,65955.0
148180,2020-08-01,USA,United States,4602631.0,57725.0
148181,2020-08-02,USA,United States,4650041.0,47410.0
148182,2020-08-03,USA,United States,4690918.0,40877.0
148183,2020-08-04,USA,United States,4752680.0,61762.0
148184,2020-08-05,USA,United States,4807347.0,54667.0
148185,2020-08-06,USA,United States,4866983.0,59636.0
148186,2020-08-07,USA,United States,4928203.0,61220.0
148187,2020-08-08,USA,United States,4991932.0,63729.0
148188,2020-08-09,USA,United States,5046731.0,54799.0
148189,2020-08-10,USA,United States,5098643.0,51912.0
148190,2020-08-11,USA,United States,5154887.0,56244.0
148191,2020-08-12,USA,United States,5210246.0,55359.0
148192,2020-08-13,USA,United States,5261581.0,51335.0
148193,2020-08-14,USA,United States,5332315.0,70734.0
148194,2020-08-15,USA,United States,5384060.0,51745.0
148195,2020-08-16,USA,United States,5419378.0,35318.0
148196,2020-08-17,USA,United States,5457352.0,37974.0
148197,2020-08-18,USA,United States,5501475.0,44123.0
148198,2020-08-19,USA,United States,5547969.0,46494.0
148199,2020-08-20,USA,United States,5592081.0,44112.0
148200,2020-08-21,USA,United States,5640791.0,48710.0
148201,2020-08-22,USA,United States,5685406.0,44615.0
148202,2020-08-23,USA,United States,5718379.0,32973.0
148203,2020-08-24,USA,United States,5752219.0,33840.0
148204,2020-08-25,USA,United States,5794002.0,41783.0
148205,2020-08-26,USA,United States,5836617.0,42615.0
148206,2020-08-27,USA,United States,5886663.0,50046.0
148207,2020-08-28,USA,United States,5933585.0,46922.0
148208,2020-08-29,USA,United States,5976779.0,43194.0
148209,2020-08-30,USA,United States,6010389.0,33610.0
148210,2020-08-31,USA,United States,6044254.0,33865.0
148211,2020-09-01,USA,United States,6085862.0,41608.0
148212,2020-09-02,USA,United States,6126050.0,40188.0
148213,2020-09-03,USA,United States,6171277.0,45227.0
148214,2020-09-04,USA,United States,6219543.0,48266.0
148215,2020-09-05,USA,United States,6262448.0,42905.0
148216,2020-09-06,USA,United States,6292637.0,30189.0
148217,2020-09-07,USA,United States,6317499.0,24862.0
148218,2020-09-08,USA,United States,6343906.0,26407.0
148219,2020-09-09,USA,United States,6377170.0,33264.0
148220,2020-09-10,USA,United States,6416347.0,39177.0
148221,2020-09-11,USA,United States,6461385.0,45038.0
148222,2020-09-12,USA,United States,6506697.0,45312.0
148223,2020-09-13,USA,United States,6546705.0,40008.0
148224,2020-09-14,USA,United States,6580150.0,33445.0
148225,2020-09-15,USA,United States,6616365.0,36215.0
148226,2020-09-16,USA,United States,6655334.0,38969.0
148227,2020-09-17,USA,United States,6699774.0,44440.0
148228,2020-09-18,USA,United States,6750945.0,51171.0
148229,2020-09-19,USA,United States,6795564.0,44619.0
148230,2020-09-20,USA,United States,6838294.0,42730.0
148231,2020-09-21,USA,United States,6870596.0,32302.0
148232,2020-09-22,USA,United States,6907763.0,37167.0
148233,2020-09-23,USA,United States,6949624.0,41861.0
148234,2020-09-24,USA,United States,6998045.0,48421.0
148235,2020-09-25,USA,United States,7045545.0,47500.0
148236,2020-09-26,USA,United States,7088573.0,43028.0
148237,2020-09-27,USA,United States,7123186.0,34613.0
148238,2020-09-28,USA,United States,7160836.0,37650.0
148239,2020-09-29,USA,United States,7202537.0,41701.0
148240,2020-09-30,USA,United States,7241354.0,38817.0
148241,2020-10-01,USA,United States,7287655.0,46301.0
148242,2020-10-02,USA,United States,7340905.0,53250.0
148243,2020-10-03,USA,United States,7390059.0,49154.0
148244,2020-10-04,USA,United States,7423113.0,33054.0
148245,2020-10-05,USA,United States,7460571.0,37458.0
148246,2020-10-06,USA,United States,7504810.0,44239.0
148247,2020-10-07,USA,United States,7554169.0,49359.0
148248,2020-10-08,USA,United States,7611946.0,57777.0
148249,2020-10-09,USA,United States,7667230.0,55284.0
148250,2020-10-10,USA,United States,7722326.0,55096.0
148251,2020-10-11,USA,United States,7768530.0,46204.0
148252,2020-10-12,USA,United States,7812335.0,43805.0
148253,2020-10-13,USA,United States,7861914.0,49579.0
148254,2020-10-14,USA,United States,7919773.0,57859.0
148255,2020-10-15,USA,United States,7984013.0,64240.0
148256,2020-10-16,USA,United States,8053243.0,69230.0
148257,2020-10-17,USA,United States,8108100.0,54857.0
148258,2020-10-18,USA,United States,8160320.0,52220.0
148259,2020-10-19,USA,United States,8228957.0,68637.0
148260,2020-10-20,USA,United States,8290767.0,61810.0
148261,2020-10-21,USA,United States,8351502.0,60735.0
148262,2020-10-22,USA,United States,8429996.0,78494.0
148263,2020-10-23,USA,United States,8512544.0,82548.0
148264,2020-10-24,USA,United States,8590005.0,77461.0
148265,2020-10-25,USA,United States,8651721.0,61716.0
148266,2020-10-26,USA,United States,8716694.0,64973.0
148267,2020-10-27,USA,United States,8793458.0,76764.0
148268,2020-10-28,USA,United States,8879267.0,85809.0
148269,2020-10-29,USA,United States,8970714.0,91447.0
148270,2020-10-30,USA,United States,9070686.0,99972.0
148271,2020-10-31,USA,United States,9159351.0,88665.0
148272,2020-11-01,USA,United States,9235626.0,76275.0
148273,2020-11-02,USA,United States,9318471.0,82845.0
148274,2020-11-03,USA,United States,9442006.0,123535.0
148275,2020-11-04,USA,United States,9542629.0,100623.0
148276,2020-11-05,USA,United States,9671008.0,128379.0
148277,2020-11-06,USA,United States,9795972.0,124964.0
148278,2020-11-07,USA,United States,9924437.0,128465.0
148279,2020-11-08,USA,United States,10042337.0,117900.0
148280,2020-11-09,USA,United States,10162906.0,120569.0
148281,2020-11-10,USA,United States,10298181.0,135275.0
148282,2020-11-11,USA,United States,10444846.0,146665.0
148283,2020-11-12,USA,United States,10604138.0,159292.0
148284,2020-11-13,USA,United States,10782256.0,178118.0
148285,2020-11-14,USA,United States,10947507.0,165251.0
148286,2020-11-15,USA,United States,11086450.0,138943.0
148287,2020-11-16,USA,United States,11242800.0,156350.0
148288,2020-11-17,USA,United States,11405407.0,162607.0
148289,2020-11-18,USA,United States,11577614.0,172207.0
148290,2020-11-19,USA,United States,11769721.0,192107.0
148291,2020-11-20,USA,United States,11970671.0,200950.0
148292,2020-11-21,USA,United States,12151836.0,181165.0
148293,2020-11-22,USA,United States,12297890.0,146054.0
148294,2020-11-23,USA,United States,12481006.0,183116.0
148295,2020-11-24,USA,United States,12653649.0,172643.0
148296,2020-11-25,USA,United States,12833846.0,180197.0
148297,2020-11-26,USA,United States,12950448.0,116602.0
148298,2020-11-27,USA,United States,13164051.0,213603.0
148299,2020-11-28,USA,United States,13334381.0,170330.0
148300,2020-11-29,USA,United States,13472393.0,138012.0
148301,2020-11-30,USA,United States,13629786.0,157393.0
148302,2020-12-01,USA,United States,13825775.0,195989.0
148303,2020-12-02,USA,United States,14022901.0,197126.0
148304,2020-12-03,USA,United States,14242500.0,219599.0
148305,2020-12-04,USA,United States,14477172.0,234672.0
148306,2020-12-05,USA,United States,14701106.0,223934.0
148307,2020-12-06,USA,United States,14879399.0,178293.0
148308,2020-12-07,USA,United States,15075967.0,196568.0
148309,2020-12-08,USA,United States,15300487.0,224520.0
148310,2020-12-09,USA,United States,15521126.0,220639.0
148311,2020-12-10,USA,United States,15755277.0,234151.0
148312,2020-12-11,USA,United States,15995735.0,240458.0
148313,2020-12-12,USA,United States,16218198.0,222463.0
148314,2020-12-13,USA,United States,16410044.0,191846.0
148315,2020-12-14,USA,United States,16622098.0,212054.0
148316,2020-12-15,USA,United States,16845297.0,223199.0
148317,2020-12-16,USA,United States,17082106.0,236809.0
148318,2020-12-17,USA,United States,17321088.0,238982.0
148319,2020-12-18,USA,United States,17571587.0,250499.0
148320,2020-12-19,USA,United States,17770381.0,198794.0
148321,2020-12-20,USA,United States,17963802.0,193421.0
148322,2020-12-21,USA,United States,18164727.0,200925.0
148323,2020-12-22,USA,United States,18368176.0,203449.0
148324,2020-12-23,USA,United States,18590696.0,222520.0
148325,2020-12-24,USA,United States,18802224.0,211528.0
148326,2020-12-25,USA,United States,18922929.0,120705.0
148327,2020-12-26,USA,United States,19149917.0,226988.0
148328,2020-12-27,USA,United States,19285693.0,135776.0
148329,2020-12-28,USA,United States,19459318.0,173625.0
148330,2020-12-29,USA,United States,19661911.0,202593.0
148331,2020-12-30,USA,United States,19881822.0,219911.0
148332,2020-12-31,USA,United States,20193844.0,312022.0
148333,2021-01-01,USA,United States,20366233.0,172389.0
148334,2021-01-02,USA,United States,20648628.0,282395.0
148335,2021-01-03,USA,United States,20852645.0,204017.0
148336,2021-01-04,USA,United States,21038176.0,185531.0
148337,2021-01-05,USA,United States,21268006.0,229830.0
148338,2021-01-06,USA,United States,21528234.0,260228.0
148339,2021-01-07,USA,United States,21816108.0,287874.0
148340,2021-01-08,USA,United States,22120609.0,304501.0
148341,2021-01-09,USA,United States,22384057.0,263448.0
148342,2021-01-10,USA,United States,22597003.0,212946.0
148343,2021-01-11,USA,United States,22800639.0,203636.0
148344,2021-01-12,USA,United States,23021129.0,220490.0
148345,2021-01-13,USA,United States,23250922.0,229793.0
148346,2021-01-14,USA,United States,23485383.0,234461.0
148347,2021-01-15,USA,United States,23733310.0,247927.0
148348,2021-01-16,USA,United States,23948854.0,215544.0
148349,2021-01-17,USA,United States,24127393.0,178539.0
148350,2021-01-18,USA,United States,24268975.0,141582.0
148351,2021-01-19,USA,United States,24423459.0,154484.0
148352,2021-01-20,USA,United States,24611999.0,188540.0
148353,2021-01-21,USA,United States,24803355.0,191356.0
148354,2021-01-22,USA,United States,24996602.0,193247.0
148355,2021-01-23,USA,United States,25174444.0,177842.0
148356,2021-01-24,USA,United States,25315882.0,141438.0
148357,2021-01-25,USA,United States,25445308.0,129426.0
148358,2021-01-26,USA,United States,25595158.0,149850.0
148359,2021-01-27,USA,United States,25751300.0,156142.0
148360,2021-01-28,USA,United States,25915902.0,164602.0
148361,2021-01-29,USA,United States,26082900.0,166998.0
148362,2021-01-30,USA,United States,26232617.0,149717.0
148363,2021-01-31,USA,United States,26346448.0,113831.0
148364,2021-02-01,USA,United States,26471336.0,124888.0
148365,2021-02-02,USA,United States,26589189.0,117853.0
148366,2021-02-03,USA,United States,26712064.0,122875.0
148367,2021-02-04,USA,United States,26837375.0,125311.0
148368,2021-02-05,USA,United States,26968941.0,131566.0
148369,2021-02-06,USA,United States,27085284.0,116343.0
148370,2021-02-07,USA,United States,27175763.0,90479.0
148371,2021-02-08,USA,United States,27258535.0,82772.0
148372,2021-02-09,USA,United States,27352702.0,94167.0
148373,2021-02-10,USA,United States,27448694.0,95992.0
148374,2021-02-11,USA,United States,27554705.0,106011.0
148375,2021-02-12,USA,United States,27655629.0,100924.0
148376,2021-02-13,USA,United States,27746548.0,90919.0
148377,2021-02-14,USA,United States,27814950.0,68402.0
148378,2021-02-15,USA,United States,27870684.0,55734.0
148379,2021-02-16,USA,United States,27929709.0,59025.0
148380,2021-02-17,USA,United States,27998383.0,68674.0
148381,2021-02-18,USA,United States,28070560.0,72177.0
148382,2021-02-19,USA,United States,28146079.0,75519.0
148383,2021-02-20,USA,United States,28219862.0,73783.0
148384,2021-02-21,USA,United States,28275396.0,55534.0
148385,2021-02-22,USA,United States,28330740.0,55344.0
148386,2021-02-23,USA,United States,28403974.0,73234.0
148387,2021-02-24,USA,United States,28478742.0,74768.0
148388,2021-02-25,USA,United States,28556345.0,77603.0
148389,2021-02-26,USA,United States,28632236.0,75891.0
148390,2021-02-27,USA,United States,28703492.0,71256.0
148391,2021-02-28,USA,United States,28755521.0,52029.0
148392,2021-03-01,USA,United States,28806051.0,50530.0
148393,2021-03-02,USA,United States,28863561.0,57510.0
148394,2021-03-03,USA,United States,28930905.0,67344.0
148395,2021-03-04,USA,United States,28999789.0,68884.0
148396,2021-03-05,USA,United States,29067916.0,68127.0
148397,2021-03-06,USA,United States,29129062.0,61146.0
148398,2021-03-07,USA,United States,29171209.0,42147.0
148399,2021-03-08,USA,United States,29214590.0,43381.0
148400,2021-03-09,USA,United States,29270080.0,55490.0
148401,2021-03-10,USA,United States,29327608.0,57528.0
148402,2021-03-11,USA,United States,29389542.0,61934.0
148403,2021-03-12,USA,United States,29452600.0,63058.0
148404,2021-03-13,USA,United States,29508000.0,55400.0
148405,2021-03-14,USA,United States,29546626.0,38626.0
148406,2021-03-15,USA,United States,29599781.0,53155.0
148407,2021-03-16,USA,United States,29653277.0,53496.0
148408,2021-03-17,USA,United States,29713327.0,60050.0
148409,2021-03-18,USA,United States,29774970.0,61643.0
148410,2021-03-19,USA,United States,29836680.0,61710.0
148411,2021-03-20,USA,United States,29894839.0,58159.0
148412,2021-03-21,USA,United States,29929462.0,34623.0
148413,2021-03-22,USA,United States,29978535.0,49073.0
148414,2021-03-23,USA,United States,30031706.0,53171.0
148415,2021-03-24,USA,United States,30119181.0,87475.0
148416,2021-03-25,USA,United States,30187198.0,68017.0
148417,2021-03-26,USA,United States,30263390.0,76192.0
148418,2021-03-27,USA,United States,30326738.0,63348.0
148419,2021-03-28,USA,United States,30372237.0,45499.0
148420,2021-03-29,USA,United States,30439636.0,67399.0
148421,2021-03-30,USA,United States,30501005.0,61369.0
148422,2021-03-31,USA,United States,30569989.0,68984.0
148423,2021-04-01,USA,United States,30647409.0,77420.0
148424,2021-04-02,USA,United States,30720410.0,73001.0
148425,2021-04-03,USA,United States,30784457.0,64047.0
148426,2021-04-04,USA,United States,30821812.0,37355.0
148427,2021-04-05,USA,United States,30891242.0,69430.0
148428,2021-04-06,USA,United States,30953791.0,62549.0
148429,2021-04-07,USA,United States,31029478.0,75687.0
148430,2021-04-08,USA,United States,31109939.0,80461.0
148431,2021-04-09,USA,United States,31194387.0,84448.0
148432,2021-04-10,USA,United States,31264214.0,69827.0
148433,2021-04-11,USA,United States,31311001.0,46787.0
148434,2021-04-12,USA,United States,31374617.0,63616.0
148435,2021-04-13,USA,United States,31455844.0,81227.0
148436,2021-04-14,USA,United States,31530872.0,75028.0
148437,2021-04-15,USA,United States,31604995.0,74123.0
148438,2021-04-16,USA,United States,31685672.0,80677.0
148439,2021-04-17,USA,United States,31740542.0,54870.0
148440,2021-04-18,USA,United States,31783821.0,43279.0
148441,2021-04-19,USA,United States,31846712.0,62891.0
148442,2021-04-20,USA,United States,31908847.0,62135.0
148443,2021-04-21,USA,United States,31973098.0,64251.0
148444,2021-04-22,USA,United States,32039999.0,66901.0
148445,2021-04-23,USA,United States,32103190.0,63191.0
148446,2021-04-24,USA,United States,32157479.0,54289.0
148447,2021-04-25,USA,United States,32191620.0,34141.0
148448,2021-04-26,USA,United States,32234753.0,43133.0
148449,2021-04-27,USA,United States,32287106.0,52353.0
148450,2021-04-28,USA,United States,32342250.0,55144.0
148451,2021-04-29,USA,United States,32401116.0,58866.0
148452,2021-04-30,USA,United States,32459119.0,58003.0
148453,2021-05-01,USA,United States,32507383.0,48264.0
148454,2021-05-02,USA,United States,32537452.0,30069.0
148455,2021-05-03,USA,United States,32583325.0,45873.0
148456,2021-05-04,USA,United States,32625891.0,42566.0
148457,2021-05-05,USA,United States,32671670.0,45779.0
148458,2021-05-06,USA,United States,32718271.0,46601.0
148459,2021-05-07,USA,United States,32766450.0,48179.0
148460,2021-05-08,USA,United States,32801607.0,35157.0
148461,2021-05-09,USA,United States,32824098.0,22491.0
148462,2021-05-10,USA,United States,32857289.0,33191.0
148463,2021-05-11,USA,United States,32892493.0,35204.0
148464,2021-05-12,USA,United States,32928414.0,35921.0
148465,2021-05-13,USA,United States,32967302.0,38888.0
148466,2021-05-14,USA,United States,33009348.0,42046.0
148467,2021-05-15,USA,United States,33039746.0,30398.0
148468,2021-05-16,USA,United States,33057177.0,17431.0
148469,2021-05-17,USA,United States,33082998.0,25821.0
148470,2021-05-18,USA,United States,33111782.0,28784.0
148471,2021-05-19,USA,United States,33141284.0,29502.0
148472,2021-05-20,USA,United States,33171383.0,30099.0
148473,2021-05-21,USA,United States,33200073.0,28690.0
148474,2021-05-22,USA,United States,33221018.0,20945.0
148475,2021-05-23,USA,United States,33234548.0,13530.0
148476,2021-05-24,USA,United States,33256804.0,22256.0
148477,2021-05-25,USA,United States,33281329.0,24525.0
148478,2021-05-26,USA,United States,33305848.0,24519.0
148479,2021-05-27,USA,United States,33332685.0,26837.0
148480,2021-05-28,USA,United States,33354915.0,22230.0
148481,2021-05-29,USA,United States,33368064.0,13149.0
148482,2021-05-30,USA,United States,33375250.0,7186.0
148483,2021-05-31,USA,United States,33381328.0,6078.0
148484,2021-06-01,USA,United States,33402307.0,20979.0
148485,2021-06-02,USA,United States,33419005.0,16698.0
148486,2021-06-03,USA,United States,33437375.0,18370.0
148487,2021-06-04,USA,United States,33455183.0,17808.0
148488,2021-06-05,USA,United States,33470629.0,15446.0
148489,2021-06-06,USA,United States,33476550.0,5921.0
148490,2021-06-07,USA,United States,33490709.0,14159.0
148491,2021-06-08,USA,United States,33503653.0,12944.0
148492,2021-06-09,USA,United States,33522195.0,18542.0
148493,2021-06-10,USA,United States,33537123.0,14928.0
148494,2021-06-11,USA,United States,33562123.0,25000.0
148495,2021-06-12,USA,United States,33571164.0,9041.0
148496,2021-06-13,USA,United States,33576349.0,5185.0
148497,2021-06-14,USA,United States,33587891.0,11542.0
148498,2021-06-15,USA,United States,33598757.0,10866.0
148499,2021-06-16,USA,United States,33610630.0,11873.0
148500,2021-06-17,USA,United States,33622227.0,11597.0
148501,2021-06-18,USA,United States,33643509.0,21282.0
148502,2021-06-19,USA,United States,33652442.0,8933.0
148503,2021-06-20,USA,United States,33657281.0,4839.0
148504,2021-06-21,USA,United States,33667946.0,10665.0
148505,2021-06-22,USA,United States,33678628.0,10682.0
148506,2021-06-23,USA,United States,33691248.0,12620.0
148507,2021-06-24,USA,United States,33705563.0,14315.0
148508,2021-06-25,USA,United States,33729952.0,24389.0
148509,2021-06-26,USA,United States,33739268.0,9316.0
148510,2021-06-27,USA,United States,33743792.0,4524.0
148511,2021-06-28,USA,United States,33757447.0,13655.0
148512,2021-06-29,USA,United States,33764457.0,7010.0
148513,2021-06-30,USA,United States,33779639.0,15182.0
148514,2021-07-01,USA,United States,33794648.0,15009.0
148515,2021-07-02,USA,United States,33824340.0,29692.0
148516,2021-07-03,USA,United States,33829490.0,5150.0
148517,2021-07-04,USA,United States,33833588.0,4098.0
148518,2021-07-05,USA,United States,33842303.0,8715.0
148519,2021-07-06,USA,United States,33865057.0,22754.0
148520,2021-07-07,USA,United States,33885145.0,20088.0
148521,2021-07-08,USA,United States,33905929.0,20784.0
148522,2021-07-09,USA,United States,33953510.0,47581.0
148523,2021-07-10,USA,United States,33963240.0,9730.0
148524,2021-07-11,USA,United States,33974764.0,11524.0
148525,2021-07-12,USA,United States,34004786.0,30022.0
148526,2021-07-13,USA,United States,34031105.0,26319.0
148527,2021-07-14,USA,United States,34062332.0,31227.0
148528,2021-07-15,USA,United States,34094095.0,31763.0
148529,2021-07-16,USA,United States,34171426.0,77331.0
148530,2021-07-17,USA,United States,34184922.0,13496.0
148531,2021-07-18,USA,United States,34205515.0,20593.0
148532,2021-07-19,USA,United States,34255298.0,49783.0
148533,2021-07-20,USA,United States,34294685.0,39387.0
148534,2021-07-21,USA,United States,34342280.0,47595.0
148535,2021-07-22,USA,United States,34398669.0,56389.0
148536,2021-07-23,USA,United States,34519437.0,120768.0
148537,2021-07-24,USA,United States,34546937.0,27500.0
148538,2021-07-25,USA,United States,34574034.0,27097.0
148539,2021-07-26,USA,United States,34654866.0,80832.0
148540,2021-07-27,USA,United States,34719690.0,64824.0
148541,2021-07-28,USA,United States,34792835.0,73145.0
148542,2021-07-29,USA,United States,34865664.0,72829.0
148543,2021-07-30,USA,United States,35056244.0,190580.0
148544,2021-07-31,USA,United States,35098159.0,41915.0
148545,2021-08-01,USA,United States,35141047.0,42888.0
148546,2021-08-02,USA,United States,35253461.0,112414.0
148547,2021-08-03,USA,United States,35350193.0,96732.0
148548,2021-08-04,USA,United States,35453178.0,102985.0
148549,2021-08-05,USA,United States,35562286.0,109108.0
148550,2021-08-06,USA,United States,35813596.0,251310.0
148551,2021-08-07,USA,United States,35874075.0,60479.0
148552,2021-08-08,USA,United States,35906804.0,32729.0
148553,2021-08-09,USA,United States,36072270.0,165466.0
148554,2021-08-10,USA,United States,36189496.0,117226.0
148555,2021-08-11,USA,United States,36342510.0,153014.0
148556,2021-08-12,USA,United States,36487490.0,144980.0
148557,2021-08-13,USA,United States,36713471.0,225981.0
148558,2021-08-14,USA,United States,36781735.0,68264.0
148559,2021-08-15,USA,United States,36825789.0,44054.0
148560,2021-08-16,USA,United States,37029632.0,203843.0
148561,2021-08-17,USA,United States,37178486.0,148854.0
148562,2021-08-18,USA,United States,37345082.0,166596.0
148563,2021-08-19,USA,United States,37499499.0,154417.0
148564,2021-08-20,USA,United States,37739533.0,240034.0
148565,2021-08-21,USA,United States,37822049.0,82516.0
148566,2021-08-22,USA,United States,37862224.0,40175.0
148567,2021-08-23,USA,United States,38085314.0,223090.0
148568,2021-08-24,USA,United States,38240417.0,155103.0
148569,2021-08-25,USA,United States,38412880.0,172463.0
148570,2021-08-26,USA,United States,38600571.0,187691.0
148571,2021-08-27,USA,United States,38839058.0,238487.0
148572,2021-08-28,USA,United States,38911956.0,72898.0
148573,2021-08-29,USA,United States,38957580.0,45624.0
148574,2021-08-30,USA,United States,39197125.0,239545.0
148575,2021-08-31,USA,United States,39377405.0,180280.0
148576,2021-09-01,USA,United States,39574080.0,196675.0
148577,2021-09-02,USA,United States,39749945.0,175865.0
148578,2021-09-03,USA,United States,39987278.0,237333.0
148579,2021-09-04,USA,United States,40064419.0,77141.0
148580,2021-09-05,USA,United States,40116664.0,52245.0
148581,2021-09-06,USA,United States,40197199.0,80535.0
148582,2021-09-07,USA,United States,40439476.0,242277.0
148583,2021-09-08,USA,United States,40617397.0,177921.0
148584,2021-09-09,USA,United States,40782828.0,165431.0
148585,2021-09-10,USA,United States,41015124.0,232296.0
148586,2021-09-11,USA,United States,41093256.0,78132.0
148587,2021-09-12,USA,United States,41138182.0,44926.0
148588,2021-09-13,USA,United States,41373432.0,235250.0
148589,2021-09-14,USA,United States,41516109.0,142677.0
148590,2021-09-15,USA,United States,41692469.0,176360.0
148591,2021-09-16,USA,United States,41849400.0,156931.0
148592,2021-09-17,USA,United States,42060010.0,210610.0
148593,2021-09-18,USA,United States,42131322.0,71312.0
148594,2021-09-19,USA,United States,42174500.0,43178.0
148595,2021-09-20,USA,United States,42353786.0,179286.0
148596,2021-09-21,USA,United States,42470854.0,117068.0
148597,2021-09-22,USA,United States,42607463.0,136609.0
148598,2021-09-23,USA,United States,42735040.0,127577.0
148599,2021-09-24,USA,United States,42911599.0,176559.0
148600,2021-09-25,USA,United States,42970588.0,58989.0
148601,2021-09-26,USA,United States,43022848.0,52260.0
148602,2021-09-27,USA,United States,43182615.0,159767.0
148603,2021-09-28,USA,United States,43295333.0,112718.0
148604,2021-09-29,USA,United States,43416305.0,120972.0
148605,2021-09-30,USA,United States,43527649.0,111344.0
148606,2021-10-01,USA,United States,43682263.0,154614.0
148607,2021-10-02,USA,United States,43729267.0,47004.0
148608,2021-10-03,USA,United States,43772872.0,43605.0
148609,2021-10-04,USA,United States,43918343.0,145471.0
148610,2021-10-05,USA,United States,44013714.0,95371.0
148611,2021-10-06,USA,United States,44126704.0,112990.0
148612,2021-10-07,USA,United States,44228161.0,101457.0
148613,2021-10-08,USA,United States,44359886.0,131725.0
148614,2021-10-09,USA,United States,44397588.0,37702.0
148615,2021-10-10,USA,United States,44436498.0,38910.0
148616,2021-10-11,USA,United States,44533989.0,97491.0
148617,2021-10-12,USA,United States,44645121.0,111132.0
148618,2021-10-13,USA,United States,44753976.0,108855.0
148619,2021-10-14,USA,United States,44840959.0,86983.0
148620,2021-10-15,USA,United States,44950800.0,109841.0
148621,2021-10-16,USA,United States,44990038.0,39238.0
148622,2021-10-17,USA,United States,45021121.0,31083.0
148623,2021-10-18,USA,United States,45121161.0,100040.0
148624,2021-10-19,USA,United States,45202443.0,81282.0
148625,2021-10-20,USA,United States,45294396.0,91953.0
148626,2021-10-21,USA,United States,45372328.0,77932.0
148627,2021-10-22,USA,United States,45468711.0,96383.0
148628,2021-10-23,USA,United States,45500550.0,31839.0
148629,2021-10-24,USA,United States,45519123.0,18573.0
148630,2021-10-25,USA,United States,45630247.0,111124.0
148631,2021-10-26,USA,United States,45699477.0,69230.0
148632,2021-10-27,USA,United States,45801855.0,102378.0
148633,2021-10-28,USA,United States,45877612.0,75757.0
148634,2021-10-29,USA,United States,45972747.0,95135.0
148635,2021-10-30,USA,United States,46006617.0,33870.0
148636,2021-10-31,USA,United States,46038646.0,32029.0
148637,2021-11-01,USA,United States,46150128.0,111482.0
148638,2021-11-02,USA,United States,46221098.0,70970.0
148639,2021-11-03,USA,United States,46306471.0,85373.0
148640,2021-11-04,USA,United States,46388208.0,81737.0
148641,2021-11-05,USA,United States,46484904.0,96696.0
148642,2021-11-06,USA,United States,46519511.0,34607.0
148643,2021-11-07,USA,United States,46555825.0,36314.0
148644,2021-11-08,USA,United States,46664869.0,109044.0
148645,2021-11-09,USA,United States,46744841.0,79972.0
148646,2021-11-10,USA,United States,46840555.0,95714.0
148647,2021-11-11,USA,United States,46897227.0,56672.0
148648,2021-11-12,USA,United States,47042062.0,144835.0
148649,2021-11-13,USA,United States,47085571.0,43509.0
148650,2021-11-14,USA,United States,47116792.0,31221.0
148651,2021-11-15,USA,United States,47251615.0,134823.0
148652,2021-11-16,USA,United States,47338690.0,87075.0
148653,2021-11-17,USA,United States,47451380.0,112690.0
148654,2021-11-18,USA,United States,47561582.0,110202.0
148655,2021-11-19,USA,United States,47688508.0,126926.0
148656,2021-11-20,USA,United States,47733313.0,44805.0
148657,2021-11-21,USA,United States,47772548.0,39235.0
148658,2021-11-22,USA,United States,47918212.0,145664.0
148659,2021-11-23,USA,United States,48009502.0,91290.0
148660,2021-11-24,USA,United States,48121047.0,111545.0
148661,2021-11-25,USA,United States,48160105.0,39058.0
148662,2021-11-26,USA,United States,48212811.0,52706.0
148663,2021-11-27,USA,United States,48238828.0,26017.0
148664,2021-11-28,USA,United States,48281338.0,42510.0
148665,2021-11-29,USA,United States,48469081.0,187743.0
148666,2021-11-30,USA,United States,48586419.0,117338.0
148667,2021-12-01,USA,United States,48723416.0,136997.0
148668,2021-12-02,USA,United States,48862639.0,139223.0
148669,2021-12-03,USA,United States,49021288.0,158649.0
148670,2021-12-04,USA,United States,49086882.0,65594.0
148671,2021-12-05,USA,United States,49141150.0,54268.0
148672,2021-12-06,USA,United States,49320637.0,179487.0
148673,2021-12-07,USA,United States,49433879.0,113242.0
148674,2021-12-08,USA,United States,49583551.0,149672.0
148675,2021-12-09,USA,United States,49706000.0,122449.0
148676,2021-12-10,USA,United States,49866678.0,160678.0
148677,2021-12-11,USA,United States,49922510.0,55832.0
148678,2021-12-12,USA,United States,49973827.0,51317.0
148679,2021-12-13,USA,United States,50160912.0,187085.0
148680,2021-12-14,USA,United States,50275736.0,114824.0
148681,2021-12-15,USA,United States,50419315.0,143579.0
148682,2021-12-16,USA,United States,50560916.0,141601.0
148683,2021-12-17,USA,United States,50753684.0,192768.0
148684,2021-12-18,USA,United States,50831469.0,77785.0
148685,2021-12-19,USA,United States,50919263.0,87794.0
148686,2021-12-20,USA,United States,51161681.0,242418.0
148687,2021-12-21,USA,United States,51340056.0,178375.0
148688,2021-12-22,USA,United States,51580795.0,240739.0
148689,2021-12-23,USA,United States,51850531.0,269736.0
148690,2021-12-24,USA,United States,52083986.0,233455.0
148691,2021-12-25,USA,United States,52156791.0,72805.0
148692,2021-12-26,USA,United States,52352498.0,195707.0
148693,2021-12-27,USA,United States,52861106.0,508608.0
148694,2021-12-28,USA,United States,53217110.0,356004.0
148695,2021-12-29,USA,United States,53715495.0,498385.0
148696,2021-12-30,USA,United States,54303763.0,588268.0
148697,2021-12-31,USA,United States,54793602.0,489839.0
148698,2022-01-01,USA,United States,54959872.0,166270.0
148699,2022-01-02,USA,United States,55263999.0,304127.0
148700,2022-01-03,USA,United States,56340454.0,1076455.0
148701,2022-01-04,USA,United States,57146009.0,805555.0
148702,2022-01-05,USA,United States,57790463.0,644454.0
148703,2022-01-06,USA,United States,58605103.0,814640.0
148704,2022-01-07,USA,United States,59461893.0,856790.0
148705,2022-01-08,USA,United States,59847636.0,385743.0
148706,2022-01-09,USA,United States,60323380.0,475744.0
148707,2022-01-10,USA,United States,61691762.0,1368382.0
148708,2022-01-11,USA,United States,62461007.0,769245.0
148709,2022-01-12,USA,United States,63370543.0,909536.0
148710,2022-01-13,USA,United States,64210668.0,840125.0
148711,2022-01-14,USA,United States,65069619.0,858951.0
148712,2022-01-15,USA,United States,65463200.0,393581.0
148713,2022-01-16,USA,United States,65930556.0,467356.0
