date,new_cases,reviews,reviews_rolling_avg,cases_rolling_avg
2020-03-01,7.0,0.0,0.0,0.0
2020-03-02,23.0,0.0,0.0,0.0
2020-03-03,19.0,0.0,0.0,0.0
2020-03-04,33.0,0.0,0.0,0.0
2020-03-05,77.0,0.0,0.0,0.0
2020-03-06,53.0,1.0,0.0,0.0
2020-03-07,166.0,3.0,0.5714285714285714,54.0
2020-03-08,116.0,0.0,0.5714285714285714,69.57142857142857
2020-03-09,75.0,0.0,0.5714285714285714,77.0
2020-03-10,188.0,0.0,0.5714285714285714,101.14285714285714
2020-03-11,365.0,0.0,0.5714285714285714,148.57142857142858
2020-03-12,439.0,5.0,1.2857142857142858,200.28571428571428
2020-03-13,633.0,0.0,1.1428571428571428,283.14285714285717
2020-03-14,759.0,0.0,0.7142857142857143,367.85714285714283
2020-03-15,234.0,0.0,0.7142857142857143,384.7142857142857
2020-03-16,1467.0,0.0,0.7142857142857143,583.5714285714286
2020-03-17,1833.0,1.0,0.8571428571428571,818.5714285714286
2020-03-18,2657.0,0.0,0.8571428571428571,1146.0
2020-03-19,4494.0,3.0,0.5714285714285714,1725.2857142857142
2020-03-20,6367.0,0.0,0.5714285714285714,2544.4285714285716
2020-03-21,5995.0,0.0,0.5714285714285714,3292.4285714285716
2020-03-22,8919.0,0.0,0.5714285714285714,4533.142857142857
2020-03-23,11152.0,0.0,0.5714285714285714,5916.714285714285
2020-03-24,10618.0,0.0,0.42857142857142855,7171.714285714285
2020-03-25,12127.0,0.0,0.42857142857142855,8524.57142857143
2020-03-26,17821.0,5.0,0.7142857142857143,10428.42857142857
2020-03-27,18591.0,0.0,0.7142857142857143,12174.714285714286
2020-03-28,22164.0,0.0,0.7142857142857143,14484.57142857143
2020-03-29,16127.0,0.0,0.7142857142857143,15514.285714285714
2020-03-30,22154.0,0.0,0.7142857142857143,17086.0
2020-03-31,26381.0,0.0,0.7142857142857143,19337.85714285714
2020-04-01,31452.0,0.0,0.7142857142857143,22098.571428571428
2020-04-02,32088.0,0.0,0.0,24136.714285714286
2020-04-03,32204.0,1.0,0.14285714285714285,26081.428571428572
2020-04-04,31891.0,0.0,0.14285714285714285,27471.0
2020-04-05,29242.0,0.0,0.14285714285714285,29344.571428571428
2020-04-06,31729.0,0.0,0.14285714285714285,30712.428571428572
2020-04-07,30065.0,2.0,0.42857142857142855,31238.714285714286
2020-04-08,31078.0,0.0,0.42857142857142855,31185.285714285714
2020-04-09,35611.0,0.0,0.42857142857142855,31688.571428571428
2020-04-10,34339.0,2.0,0.5714285714285714,31993.571428571428
2020-04-11,28873.0,3.0,1.0,31562.428571428572
2020-04-12,26451.0,0.0,1.0,31163.714285714286
2020-04-13,27041.0,2.0,1.2857142857142858,30494.0
2020-04-14,28349.0,0.0,1.0,30248.85714285714
2020-04-15,25630.0,2.0,1.2857142857142858,29470.571428571428
2020-04-16,29669.0,0.0,1.2857142857142858,28621.714285714286
2020-04-17,32794.0,0.0,1.0,28401.0
2020-04-18,27560.0,0.0,0.5714285714285714,28213.428571428572
2020-04-19,25641.0,0.0,0.5714285714285714,28097.714285714286
2020-04-20,30026.0,0.0,0.2857142857142857,28524.14285714286
2020-04-21,25927.0,0.0,0.2857142857142857,28178.14285714286
2020-04-22,29386.0,0.0,0.0,28714.714285714286
2020-04-23,32377.0,1.0,0.14285714285714285,29101.571428571428
2020-04-24,31942.0,3.0,0.5714285714285714,28979.85714285714
2020-04-25,31065.0,0.0,0.5714285714285714,29480.571428571428
2020-04-26,26139.0,0.0,0.5714285714285714,29551.714285714286
2020-04-27,24629.0,3.0,1.0,28780.714285714286
2020-04-28,24441.0,1.0,1.1428571428571428,28568.428571428572
2020-04-29,26605.0,0.0,1.1428571428571428,28171.14285714286
2020-04-30,29061.0,0.0,1.0,27697.428571428572
2020-05-01,35273.0,0.0,0.5714285714285714,28173.285714285714
2020-05-02,27304.0,0.0,0.5714285714285714,27636.0
2020-05-03,23883.0,0.0,0.5714285714285714,27313.714285714286
2020-05-04,23880.0,3.0,0.5714285714285714,27206.714285714286
2020-05-05,23933.0,0.0,0.42857142857142855,27134.14285714286
2020-05-06,24479.0,0.0,0.42857142857142855,26830.428571428572
2020-05-07,27500.0,0.0,0.42857142857142855,26607.428571428572
2020-05-08,27347.0,5.0,1.1428571428571428,25475.14285714286
2020-05-09,24548.0,0.0,1.1428571428571428,25081.428571428572
2020-05-10,18717.0,0.0,1.1428571428571428,24343.428571428572
2020-05-11,19056.0,0.0,0.7142857142857143,23654.285714285714
2020-05-12,23228.0,0.0,0.7142857142857143,23553.571428571428
2020-05-13,19961.0,5.0,1.4285714285714286,22908.14285714286
2020-05-14,25972.0,0.0,1.4285714285714286,22689.85714285714
2020-05-15,24881.0,0.0,0.7142857142857143,22337.571428571428
2020-05-16,24127.0,0.0,0.7142857142857143,22277.428571428572
2020-05-17,18375.0,2.0,1.0,22228.571428571428
2020-05-18,22590.0,0.0,1.0,22733.428571428572
2020-05-19,20551.0,10.0,2.4285714285714284,22351.0
2020-05-20,22568.0,0.0,1.7142857142857142,22723.428571428572
2020-05-21,25379.0,0.0,1.7142857142857142,22638.714285714286
2020-05-22,23911.0,0.0,1.7142857142857142,22500.14285714286
2020-05-23,20156.0,0.0,1.7142857142857142,21932.85714285714
2020-05-24,20181.0,0.0,1.4285714285714286,22190.85714285714
2020-05-25,18923.0,0.0,1.4285714285714286,21667.0
2020-05-26,18681.0,0.0,0.0,21399.85714285714
2020-05-27,18913.0,2.0,0.2857142857142857,20877.714285714286
2020-05-28,21068.0,0.0,0.2857142857142857,20261.85714285714
2020-05-29,25241.0,0.0,0.2857142857142857,20451.85714285714
2020-05-30,23139.0,0.0,0.2857142857142857,20878.0
2020-05-31,18288.0,0.0,0.2857142857142857,20607.571428571428
2020-06-01,17259.0,0.0,0.2857142857142857,20369.85714285714
2020-06-02,21209.0,0.0,0.2857142857142857,20731.0
2020-06-03,19299.0,0.0,0.0,20786.14285714286
2020-06-04,28051.0,0.0,0.0,21783.714285714286
2020-06-05,26369.0,1.0,0.14285714285714285,21944.85714285714
2020-06-06,20340.0,1.0,0.2857142857142857,21545.0
2020-06-07,17742.0,0.0,0.2857142857142857,21467.0
2020-06-08,16922.0,0.0,0.2857142857142857,21418.85714285714
2020-06-09,20287.0,0.0,0.2857142857142857,21287.14285714286
2020-06-10,21648.0,0.0,0.2857142857142857,21622.714285714286
2020-06-11,22078.0,0.0,0.2857142857142857,20769.428571428572
2020-06-12,25786.0,1.0,0.2857142857142857,20686.14285714286
2020-06-13,24071.0,1.0,0.2857142857142857,21219.14285714286
2020-06-14,19092.0,0.0,0.2857142857142857,21412.0
2020-06-15,20951.0,0.0,0.2857142857142857,21987.571428571428
2020-06-16,24668.0,0.0,0.2857142857142857,22613.428571428572
2020-06-17,27018.0,0.0,0.2857142857142857,23380.571428571428
2020-06-18,27779.0,0.0,0.2857142857142857,24195.0
2020-06-19,31572.0,0.0,0.14285714285714285,25021.571428571428
2020-06-20,31838.0,0.0,0.0,26131.14285714286
2020-06-21,25914.0,0.0,0.0,27105.714285714286
2020-06-22,29550.0,0.0,0.0,28334.14285714286
2020-06-23,38326.0,0.0,0.0,30285.285714285714
2020-06-24,36350.0,0.0,0.0,31618.428571428572
2020-06-25,39106.0,0.0,0.0,33236.57142857143
2020-06-26,49550.0,2.0,0.2857142857142857,35804.857142857145
2020-06-27,41268.0,0.0,0.2857142857142857,37152.0
2020-06-28,42262.0,0.0,0.2857142857142857,39487.42857142857
2020-06-29,41660.0,0.0,0.2857142857142857,41217.42857142857
2020-06-30,49382.0,0.0,0.2857142857142857,42796.857142857145
2020-07-01,49500.0,0.0,0.2857142857142857,44675.42857142857
2020-07-02,54583.0,0.0,0.2857142857142857,46886.42857142857
2020-07-03,51991.0,0.0,0.0,47235.142857142855
2020-07-04,45949.0,0.0,0.0,47903.857142857145
2020-07-05,53572.0,0.0,0.0,49519.57142857143
2020-07-06,42981.0,0.0,0.0,49708.28571428572
2020-07-07,56563.0,0.0,0.0,50734.142857142855
2020-07-08,61044.0,0.0,0.0,52383.28571428572
2020-07-09,59381.0,0.0,0.0,53068.71428571428
2020-07-10,68780.0,0.0,0.0,55467.142857142855
2020-07-11,60735.0,3.0,0.42857142857142855,57579.42857142857
2020-07-12,58821.0,0.0,0.42857142857142855,58329.28571428572
2020-07-13,60998.0,0.0,0.42857142857142855,60903.142857142855
2020-07-14,65062.0,5.0,1.1428571428571428,62117.28571428572
2020-07-15,66334.0,1.0,1.2857142857142858,62873.0
2020-07-16,70354.0,1.0,1.4285714285714286,64440.57142857143
2020-07-17,66653.0,0.0,1.4285714285714286,64136.71428571428
2020-07-18,64716.0,0.0,1.0,64705.42857142857
2020-07-19,59164.0,0.0,1.0,64754.42857142857
2020-07-20,61121.0,0.0,1.0,64772.0
2020-07-21,67170.0,0.0,0.2857142857142857,65073.142857142855
2020-07-22,68072.0,0.0,0.14285714285714285,65321.42857142857
2020-07-23,67969.0,0.0,0.0,64980.71428571428
2020-07-24,75410.0,0.0,0.0,66231.71428571429
2020-07-25,62828.0,3.0,0.42857142857142855,65962.0
2020-07-26,56708.0,2.0,0.7142857142857143,65611.14285714286
2020-07-27,60297.0,0.0,0.7142857142857143,65493.42857142857
2020-07-28,64967.0,0.0,0.7142857142857143,65178.71428571428
2020-07-29,64740.0,0.0,0.7142857142857143,64702.71428571428
2020-07-30,67704.0,0.0,0.7142857142857143,64664.857142857145
2020-07-31,65955.0,0.0,0.7142857142857143,63314.142857142855
2020-08-01,57725.0,0.0,0.2857142857142857,62585.142857142855
2020-08-02,47410.0,0.0,0.0,61256.857142857145
2020-08-03,40877.0,0.0,0.0,58482.57142857143
2020-08-04,61762.0,0.0,0.0,58024.71428571428
2020-08-05,54667.0,0.0,0.0,56585.71428571428
2020-08-06,59636.0,0.0,0.0,55433.142857142855
2020-08-07,61220.0,0.0,0.0,54756.71428571428
2020-08-08,63729.0,1.0,0.14285714285714285,55614.42857142857
2020-08-09,54799.0,0.0,0.14285714285714285,56670.0
2020-08-10,51912.0,0.0,0.14285714285714285,58246.42857142857
2020-08-11,56244.0,0.0,0.14285714285714285,57458.142857142855
2020-08-12,55359.0,0.0,0.14285714285714285,57557.0
2020-08-13,51335.0,0.0,0.14285714285714285,56371.142857142855
2020-08-14,70734.0,0.0,0.14285714285714285,57730.28571428572
2020-08-15,51745.0,0.0,0.0,56018.28571428572
2020-08-16,35318.0,0.0,0.0,53235.28571428572
2020-08-17,37974.0,1.0,0.14285714285714285,51244.142857142855
2020-08-18,44123.0,0.0,0.14285714285714285,49512.57142857143
2020-08-19,46494.0,0.0,0.14285714285714285,48246.142857142855
2020-08-20,44112.0,0.0,0.14285714285714285,47214.28571428572
2020-08-21,48710.0,0.0,0.14285714285714285,44068.0
2020-08-22,44615.0,1.0,0.2857142857142857,43049.42857142857
2020-08-23,32973.0,0.0,0.2857142857142857,42714.42857142857
2020-08-24,33840.0,0.0,0.14285714285714285,42123.857142857145
2020-08-25,41783.0,3.0,0.5714285714285714,41789.57142857143
2020-08-26,42615.0,0.0,0.5714285714285714,41235.42857142857
2020-08-27,50046.0,0.0,0.5714285714285714,42083.142857142855
2020-08-28,46922.0,0.0,0.5714285714285714,41827.71428571428
2020-08-29,43194.0,0.0,0.42857142857142855,41624.71428571428
2020-08-30,33610.0,0.0,0.42857142857142855,41715.71428571428
2020-08-31,33865.0,0.0,0.42857142857142855,41719.28571428572
2020-09-01,41608.0,0.0,0.0,41694.28571428572
2020-09-02,40188.0,0.0,0.0,41347.57142857143
2020-09-03,45227.0,0.0,0.0,40659.142857142855
2020-09-04,48266.0,0.0,0.0,40851.142857142855
2020-09-05,42905.0,0.0,0.0,40809.857142857145
2020-09-06,30189.0,0.0,0.0,40321.142857142855
2020-09-07,24862.0,0.0,0.0,39035.0
2020-09-08,26407.0,0.0,0.0,36863.42857142857
2020-09-09,33264.0,0.0,0.0,35874.28571428572
2020-09-10,39177.0,0.0,0.0,35010.0
2020-09-11,45038.0,0.0,0.0,34548.857142857145
2020-09-12,45312.0,0.0,0.0,34892.71428571428
2020-09-13,40008.0,0.0,0.0,36295.42857142857
2020-09-14,33445.0,0.0,0.0,37521.57142857143
2020-09-15,36215.0,0.0,0.0,38922.71428571428
2020-09-16,38969.0,3.0,0.42857142857142855,39737.71428571428
2020-09-17,44440.0,0.0,0.42857142857142855,40489.57142857143
2020-09-18,51171.0,0.0,0.42857142857142855,41365.71428571428
2020-09-19,44619.0,0.0,0.42857142857142855,41266.71428571428
2020-09-20,42730.0,0.0,0.42857142857142855,41655.57142857143
2020-09-21,32302.0,0.0,0.42857142857142855,41492.28571428572
2020-09-22,37167.0,0.0,0.42857142857142855,41628.28571428572
2020-09-23,41861.0,1.0,0.14285714285714285,42041.42857142857
2020-09-24,48421.0,3.0,0.5714285714285714,42610.142857142855
2020-09-25,47500.0,0.0,0.5714285714285714,42085.71428571428
2020-09-26,43028.0,0.0,0.5714285714285714,41858.42857142857
2020-09-27,34613.0,0.0,0.5714285714285714,40698.857142857145
2020-09-28,37650.0,0.0,0.5714285714285714,41462.857142857145
2020-09-29,41701.0,0.0,0.5714285714285714,42110.57142857143
2020-09-30,38817.0,0.0,0.42857142857142855,41675.71428571428
2020-10-01,46301.0,0.0,0.0,41372.857142857145
2020-10-02,53250.0,2.0,0.2857142857142857,42194.28571428572
2020-10-03,49154.0,0.0,0.2857142857142857,43069.42857142857
2020-10-04,33054.0,4.0,0.8571428571428571,42846.71428571428
2020-10-05,37458.0,0.0,0.8571428571428571,42819.28571428572
2020-10-06,44239.0,3.0,1.2857142857142858,43181.857142857145
2020-10-07,49359.0,1.0,1.4285714285714286,44687.857142857145
2020-10-08,57777.0,4.0,2.0,46327.28571428572
2020-10-09,55284.0,0.0,1.7142857142857142,46617.857142857145
2020-10-10,55096.0,3.0,2.142857142857143,47466.71428571428
2020-10-11,46204.0,4.0,2.142857142857143,49345.28571428572
2020-10-12,43805.0,0.0,2.142857142857143,50252.0
2020-10-13,49579.0,2.0,2.0,51014.857142857145
2020-10-14,57859.0,3.0,2.2857142857142856,52229.142857142855
2020-10-15,64240.0,0.0,1.7142857142857142,53152.42857142857
2020-10-16,69230.0,0.0,1.7142857142857142,55144.71428571428
2020-10-17,54857.0,0.0,1.2857142857142858,55110.57142857143
2020-10-18,52220.0,1.0,0.8571428571428571,55970.0
2020-10-19,68637.0,0.0,0.8571428571428571,59517.42857142857
2020-10-20,61810.0,3.0,1.0,61264.71428571428
2020-10-21,60735.0,5.0,1.2857142857142858,61675.57142857143
2020-10-22,78494.0,3.0,1.7142857142857142,63711.857142857145
2020-10-23,82548.0,0.0,1.7142857142857142,65614.42857142857
2020-10-24,77461.0,3.0,2.142857142857143,68843.57142857143
2020-10-25,61716.0,2.0,2.2857142857142856,70200.14285714286
2020-10-26,64973.0,0.0,2.2857142857142856,69676.71428571429
2020-10-27,76764.0,1.0,2.0,71813.0
2020-10-28,85809.0,3.0,1.7142857142857142,75395.0
2020-10-29,91447.0,1.0,1.4285714285714286,77245.42857142857
2020-10-30,99972.0,0.0,1.4285714285714286,79734.57142857143
2020-10-31,88665.0,2.0,1.2857142857142858,81335.14285714286
2020-11-01,76275.0,1.0,1.1428571428571428,83415.0
2020-11-02,82845.0,0.0,1.1428571428571428,85968.14285714286
2020-11-03,123535.0,3.0,1.4285714285714286,92649.71428571429
2020-11-04,100623.0,0.0,1.0,94766.0
2020-11-05,128379.0,0.0,0.8571428571428571,100042.0
2020-11-06,124964.0,0.0,0.8571428571428571,103612.28571428571
2020-11-07,128465.0,0.0,0.5714285714285714,109298.0
2020-11-08,117900.0,0.0,0.42857142857142855,115244.42857142857
2020-11-09,120569.0,0.0,0.42857142857142855,120633.57142857143
2020-11-10,135275.0,2.0,0.2857142857142857,122310.71428571429
2020-11-11,146665.0,2.0,0.5714285714285714,128888.14285714286
2020-11-12,159292.0,1.0,0.7142857142857143,133304.2857142857
2020-11-13,178118.0,0.0,0.7142857142857143,140897.7142857143
2020-11-14,165251.0,0.0,0.7142857142857143,146152.85714285713
2020-11-15,138943.0,0.0,0.7142857142857143,149159.0
2020-11-16,156350.0,1.0,0.8571428571428571,154270.57142857142
2020-11-17,162607.0,0.0,0.5714285714285714,158175.14285714287
2020-11-18,172207.0,3.0,0.7142857142857143,161824.0
2020-11-19,192107.0,3.0,1.0,166511.85714285713
2020-11-20,200950.0,2.0,1.2857142857142858,169773.57142857142
2020-11-21,181165.0,1.0,1.4285714285714286,172047.0
2020-11-22,146054.0,0.0,1.4285714285714286,173062.85714285713
2020-11-23,183116.0,4.0,1.8571428571428572,176886.57142857142
2020-11-24,172643.0,1.0,2.0,178320.2857142857
2020-11-25,180197.0,0.0,1.5714285714285714,179461.7142857143
2020-11-26,116602.0,0.0,1.1428571428571428,168675.2857142857
2020-11-27,213603.0,0.0,0.8571428571428571,170482.85714285713
2020-11-28,170330.0,7.0,1.7142857142857142,168935.0
2020-11-29,138012.0,0.0,1.7142857142857142,167786.14285714287
2020-11-30,157393.0,1.0,1.2857142857142858,164111.42857142858
2020-12-01,195989.0,0.0,1.1428571428571428,167446.57142857142
2020-12-02,197126.0,0.0,1.1428571428571428,169865.0
2020-12-03,219599.0,0.0,1.1428571428571428,184578.85714285713
2020-12-04,234672.0,0.0,1.1428571428571428,187588.7142857143
2020-12-05,223934.0,5.0,0.8571428571428571,195246.42857142858
2020-12-06,178293.0,3.0,1.2857142857142858,201000.85714285713
2020-12-07,196568.0,1.0,1.2857142857142858,206597.2857142857
2020-12-08,224520.0,0.0,1.2857142857142858,210673.14285714287
2020-12-09,220639.0,0.0,1.2857142857142858,214032.14285714287
2020-12-10,234151.0,0.0,1.2857142857142858,216111.0
2020-12-11,240458.0,2.0,1.5714285714285714,216937.57142857142
2020-12-12,222463.0,2.0,1.1428571428571428,216727.42857142858
2020-12-13,191846.0,3.0,1.1428571428571428,218663.57142857142
2020-12-14,212054.0,5.0,1.7142857142857142,220875.85714285713
2020-12-15,223199.0,1.0,1.8571428571428572,220687.14285714287
2020-12-16,236809.0,1.0,2.0,222997.14285714287
2020-12-17,238982.0,2.0,2.2857142857142856,223687.2857142857
2020-12-18,250499.0,2.0,2.2857142857142856,225121.7142857143
2020-12-19,198794.0,0.0,2.0,221740.42857142858
2020-12-20,193421.0,1.0,1.7142857142857142,221965.42857142858
2020-12-21,200925.0,0.0,1.0,220375.57142857142
2020-12-22,203449.0,0.0,0.8571428571428571,217554.14285714287
2020-12-23,222520.0,0.0,0.7142857142857143,215512.85714285713
2020-12-24,211528.0,0.0,0.42857142857142855,211590.85714285713
2020-12-25,120705.0,1.0,0.2857142857142857,193048.85714285713
2020-12-26,226988.0,0.0,0.2857142857142857,197076.57142857142
2020-12-27,135776.0,0.0,0.14285714285714285,188841.57142857142
2020-12-28,173625.0,0.0,0.14285714285714285,184941.57142857142
2020-12-29,202593.0,0.0,0.14285714285714285,184819.2857142857
2020-12-30,219911.0,1.0,0.2857142857142857,184446.57142857142
2020-12-31,312022.0,1.0,0.42857142857142855,198802.85714285713
2021-01-01,172389.0,0.0,0.2857142857142857,206186.2857142857
2021-01-02,282395.0,0.0,0.2857142857142857,214101.57142857142
2021-01-03,204017.0,3.0,0.7142857142857143,223850.2857142857
2021-01-04,185531.0,2.0,1.0,225551.14285714287
2021-01-05,229830.0,0.0,1.0,229442.14285714287
2021-01-06,260228.0,0.0,0.8571428571428571,235201.7142857143
2021-01-07,287874.0,0.0,0.7142857142857143,231752.0
2021-01-08,304501.0,0.0,0.7142857142857143,250625.14285714287
2021-01-09,263448.0,4.0,1.2857142857142858,247918.42857142858
2021-01-10,212946.0,0.0,0.8571428571428571,249194.0
2021-01-11,203636.0,3.0,1.0,251780.42857142858
2021-01-12,220490.0,0.0,1.0,250446.14285714287
2021-01-13,229793.0,0.0,1.0,246098.2857142857
2021-01-14,234461.0,5.0,1.7142857142857142,238467.85714285713
2021-01-15,247927.0,0.0,1.7142857142857142,230385.85714285713
2021-01-16,215544.0,1.0,1.2857142857142858,223542.42857142858
2021-01-17,178539.0,0.0,1.2857142857142858,218627.14285714287
2021-01-18,141582.0,0.0,0.8571428571428571,209762.2857142857
2021-01-19,154484.0,0.0,0.8571428571428571,200332.85714285713
2021-01-20,188540.0,0.0,0.8571428571428571,194439.57142857142
2021-01-21,191356.0,4.0,0.7142857142857143,188281.7142857143
2021-01-22,193247.0,0.0,0.7142857142857143,180470.2857142857
2021-01-23,177842.0,0.0,0.5714285714285714,175084.2857142857
2021-01-24,141438.0,0.0,0.5714285714285714,169784.14285714287
2021-01-25,129426.0,1.0,0.7142857142857143,168047.57142857142
2021-01-26,149850.0,0.0,0.7142857142857143,167385.57142857142
2021-01-27,156142.0,0.0,0.7142857142857143,162757.2857142857
2021-01-28,164602.0,0.0,0.14285714285714285,158935.2857142857
2021-01-29,166998.0,0.0,0.14285714285714285,155185.42857142858
2021-01-30,149717.0,1.0,0.2857142857142857,151167.57142857142
2021-01-31,113831.0,0.0,0.2857142857142857,147223.7142857143
2021-02-01,124888.0,0.0,0.14285714285714285,146575.42857142858
2021-02-02,117853.0,0.0,0.14285714285714285,142004.42857142858
2021-02-03,122875.0,0.0,0.14285714285714285,137252.0
2021-02-04,125311.0,0.0,0.14285714285714285,131639.0
2021-02-05,131566.0,3.0,0.5714285714285714,126577.28571428571
2021-02-06,116343.0,0.0,0.42857142857142855,121809.57142857143
2021-02-07,90479.0,6.0,1.2857142857142858,118473.57142857143
2021-02-08,82772.0,0.0,1.2857142857142858,112457.0
2021-02-09,94167.0,0.0,1.2857142857142858,109073.28571428571
2021-02-10,95992.0,0.0,1.2857142857142858,105232.85714285714
2021-02-11,106011.0,0.0,1.2857142857142858,102475.71428571429
2021-02-12,100924.0,0.0,0.8571428571428571,98098.28571428571
2021-02-13,90919.0,0.0,0.8571428571428571,94466.28571428571
2021-02-14,68402.0,0.0,0.0,91312.42857142857
2021-02-15,55734.0,0.0,0.0,87449.85714285714
2021-02-16,59025.0,0.0,0.0,82429.57142857143
2021-02-17,68674.0,0.0,0.0,78527.0
2021-02-18,72177.0,5.0,0.7142857142857143,73693.57142857143
2021-02-19,75519.0,0.0,0.7142857142857143,70064.28571428571
2021-02-20,73783.0,0.0,0.7142857142857143,67616.28571428571
2021-02-21,55534.0,0.0,0.7142857142857143,65778.0
2021-02-22,55344.0,0.0,0.7142857142857143,65722.28571428571
2021-02-23,73234.0,5.0,1.4285714285714286,67752.14285714286
2021-02-24,74768.0,0.0,1.4285714285714286,68622.71428571429
2021-02-25,77603.0,0.0,0.7142857142857143,69397.85714285714
2021-02-26,75891.0,0.0,0.7142857142857143,69451.0
2021-02-27,71256.0,0.0,0.7142857142857143,69090.0
2021-02-28,52029.0,5.0,1.4285714285714286,68589.28571428571
2021-03-01,50530.0,1.0,1.5714285714285714,67901.57142857143
2021-03-02,57510.0,0.0,0.8571428571428571,65655.28571428571
2021-03-03,67344.0,2.0,1.1428571428571428,64594.71428571428
2021-03-04,68884.0,0.0,1.1428571428571428,63349.142857142855
2021-03-05,68127.0,0.0,1.1428571428571428,62240.0
2021-03-06,61146.0,0.0,1.1428571428571428,60795.71428571428
2021-03-07,42147.0,0.0,0.42857142857142855,59384.0
2021-03-08,43381.0,0.0,0.2857142857142857,58362.71428571428
2021-03-09,55490.0,5.0,1.0,58074.142857142855
2021-03-10,57528.0,0.0,0.7142857142857143,56671.857142857145
2021-03-11,61934.0,0.0,0.7142857142857143,55679.0
2021-03-12,63058.0,0.0,0.7142857142857143,54954.857142857145
2021-03-13,55400.0,0.0,0.7142857142857143,54134.0
2021-03-14,38626.0,0.0,0.7142857142857143,53631.0
2021-03-15,53155.0,0.0,0.7142857142857143,55027.28571428572
2021-03-16,53496.0,0.0,0.0,54742.42857142857
2021-03-17,60050.0,1.0,0.14285714285714285,55102.71428571428
2021-03-18,61643.0,0.0,0.14285714285714285,55061.142857142855
2021-03-19,61710.0,0.0,0.14285714285714285,54868.57142857143
2021-03-20,58159.0,0.0,0.14285714285714285,55262.71428571428
2021-03-21,34623.0,3.0,0.5714285714285714,54690.857142857145
2021-03-22,49073.0,1.0,0.7142857142857143,54107.71428571428
2021-03-23,53171.0,0.0,0.7142857142857143,54061.28571428572
2021-03-24,87475.0,3.0,1.0,57979.142857142855
2021-03-25,68017.0,0.0,1.0,58889.71428571428
2021-03-26,76192.0,3.0,1.4285714285714286,60958.57142857143
2021-03-27,63348.0,0.0,1.4285714285714286,61699.857142857145
2021-03-28,45499.0,3.0,1.4285714285714286,63253.57142857143
2021-03-29,67399.0,0.0,1.2857142857142858,65871.57142857143
2021-03-30,61369.0,0.0,1.2857142857142858,67042.71428571429
2021-03-31,68984.0,0.0,0.8571428571428571,64401.142857142855
2021-04-01,77420.0,0.0,0.8571428571428571,65744.42857142857
2021-04-02,73001.0,1.0,0.5714285714285714,65288.57142857143
2021-04-03,64047.0,0.0,0.5714285714285714,65388.42857142857
2021-04-04,37355.0,3.0,0.5714285714285714,64225.0
2021-04-05,69430.0,1.0,0.7142857142857143,64515.142857142855
2021-04-06,62549.0,0.0,0.7142857142857143,64683.71428571428
2021-04-07,75687.0,1.0,0.8571428571428571,65641.28571428571
2021-04-08,80461.0,2.0,1.1428571428571428,66075.71428571429
2021-04-09,84448.0,0.0,1.0,67711.0
2021-04-10,69827.0,7.0,2.0,68536.71428571429
2021-04-11,46787.0,0.0,1.5714285714285714,69884.14285714286
2021-04-12,63616.0,0.0,1.4285714285714286,69053.57142857143
2021-04-13,81227.0,0.0,1.4285714285714286,71721.85714285714
2021-04-14,75028.0,0.0,1.2857142857142858,71627.71428571429
2021-04-15,74123.0,2.0,1.2857142857142858,70722.28571428571
2021-04-16,80677.0,0.0,1.2857142857142858,70183.57142857143
2021-04-17,54870.0,0.0,0.2857142857142857,68046.85714285714
2021-04-18,43279.0,0.0,0.2857142857142857,67545.71428571429
2021-04-19,62891.0,0.0,0.2857142857142857,67442.14285714286
2021-04-20,62135.0,0.0,0.2857142857142857,64714.71428571428
2021-04-21,64251.0,0.0,0.2857142857142857,63175.142857142855
2021-04-22,66901.0,0.0,0.0,62143.42857142857
2021-04-23,63191.0,0.0,0.0,59645.42857142857
2021-04-24,54289.0,0.0,0.0,59562.42857142857
2021-04-25,34141.0,0.0,0.0,58257.0
2021-04-26,43133.0,0.0,0.0,55434.42857142857
2021-04-27,52353.0,0.0,0.0,54037.0
2021-04-28,55144.0,0.0,0.0,52736.0
2021-04-29,58866.0,0.0,0.0,51588.142857142855
2021-04-30,58003.0,0.0,0.0,50847.0
2021-05-01,48264.0,0.0,0.0,49986.28571428572
2021-05-02,30069.0,0.0,0.0,49404.57142857143
2021-05-03,45873.0,0.0,0.0,49796.0
2021-05-04,42566.0,0.0,0.0,48397.857142857145
2021-05-05,45779.0,0.0,0.0,47060.0
2021-05-06,46601.0,1.0,0.14285714285714285,45307.857142857145
2021-05-07,48179.0,0.0,0.14285714285714285,43904.42857142857
2021-05-08,35157.0,0.0,0.14285714285714285,42032.0
2021-05-09,22491.0,0.0,0.14285714285714285,40949.42857142857
2021-05-10,33191.0,0.0,0.14285714285714285,39137.71428571428
2021-05-11,35204.0,0.0,0.14285714285714285,38086.0
2021-05-12,35921.0,0.0,0.14285714285714285,36677.71428571428
2021-05-13,38888.0,0.0,0.0,35575.857142857145
2021-05-14,42046.0,0.0,0.0,34699.71428571428
2021-05-15,30398.0,0.0,0.0,34019.857142857145
2021-05-16,17431.0,0.0,0.0,33297.0
2021-05-17,25821.0,0.0,0.0,32244.14285714286
2021-05-18,28784.0,5.0,0.7142857142857143,31327.0
2021-05-19,29502.0,0.0,0.7142857142857143,30410.0
2021-05-20,30099.0,0.0,0.7142857142857143,29154.428571428572
2021-05-21,28690.0,0.0,0.7142857142857143,27246.428571428572
2021-05-22,20945.0,0.0,0.7142857142857143,25896.0
2021-05-23,13530.0,0.0,0.7142857142857143,25338.714285714286
2021-05-24,22256.0,0.0,0.7142857142857143,24829.428571428572
2021-05-25,24525.0,0.0,0.0,24221.0
2021-05-26,24519.0,0.0,0.0,23509.14285714286
2021-05-27,26837.0,0.0,0.0,23043.14285714286
2021-05-28,22230.0,0.0,0.0,22120.285714285714
2021-05-29,13149.0,1.0,0.14285714285714285,21006.571428571428
2021-05-30,7186.0,0.0,0.14285714285714285,20100.285714285714
2021-05-31,6078.0,0.0,0.14285714285714285,17789.14285714286
2021-06-01,20979.0,0.0,0.14285714285714285,17282.571428571428
2021-06-02,16698.0,0.0,0.14285714285714285,16165.285714285714
2021-06-03,18370.0,0.0,0.14285714285714285,14955.714285714286
2021-06-04,17808.0,0.0,0.14285714285714285,14324.0
2021-06-05,15446.0,3.0,0.42857142857142855,14652.142857142857
2021-06-06,5921.0,0.0,0.42857142857142855,14471.42857142857
2021-06-07,14159.0,0.0,0.42857142857142855,15625.857142857143
2021-06-08,12944.0,0.0,0.42857142857142855,14478.0
2021-06-09,18542.0,0.0,0.42857142857142855,14741.42857142857
2021-06-10,14928.0,0.0,0.42857142857142855,14249.714285714286
2021-06-11,25000.0,0.0,0.42857142857142855,15277.142857142857
2021-06-12,9041.0,0.0,0.0,14362.142857142857
2021-06-13,5185.0,3.0,0.42857142857142855,14257.0
2021-06-14,11542.0,1.0,0.5714285714285714,13883.142857142857
2021-06-15,10866.0,0.0,0.5714285714285714,13586.285714285714
2021-06-16,11873.0,0.0,0.5714285714285714,12633.57142857143
2021-06-17,11597.0,0.0,0.5714285714285714,12157.714285714286
2021-06-18,21282.0,0.0,0.5714285714285714,11626.57142857143
2021-06-19,8933.0,0.0,0.5714285714285714,11611.142857142857
2021-06-20,4839.0,0.0,0.14285714285714285,11561.714285714286
2021-06-21,10665.0,0.0,0.0,11436.42857142857
2021-06-22,10682.0,0.0,0.0,11410.142857142857
2021-06-23,12620.0,3.0,0.42857142857142855,11516.857142857143
2021-06-24,14315.0,0.0,0.42857142857142855,11905.142857142857
2021-06-25,24389.0,0.0,0.42857142857142855,12349.0
2021-06-26,9316.0,0.0,0.42857142857142855,12403.714285714286
2021-06-27,4524.0,0.0,0.42857142857142855,12358.714285714286
2021-06-28,13655.0,0.0,0.42857142857142855,12785.857142857143
2021-06-29,7010.0,0.0,0.42857142857142855,12261.285714285714
2021-06-30,15182.0,0.0,0.0,12627.285714285714
2021-07-01,15009.0,0.0,0.0,12726.42857142857
2021-07-02,29692.0,0.0,0.0,13484.0
2021-07-03,5150.0,2.0,0.2857142857142857,12888.857142857143
2021-07-04,4098.0,0.0,0.2857142857142857,12828.0
2021-07-05,8715.0,2.0,0.5714285714285714,12122.285714285714
2021-07-06,22754.0,0.0,0.5714285714285714,14371.42857142857
2021-07-07,20088.0,0.0,0.5714285714285714,15072.285714285714
2021-07-08,20784.0,0.0,0.5714285714285714,15897.285714285714
2021-07-09,47581.0,0.0,0.5714285714285714,18452.85714285714
2021-07-10,9730.0,0.0,0.2857142857142857,19107.14285714286
2021-07-11,11524.0,0.0,0.2857142857142857,20168.0
2021-07-12,30022.0,0.0,0.0,23211.85714285714
2021-07-13,26319.0,0.0,0.0,23721.14285714286
2021-07-14,31227.0,1.0,0.14285714285714285,25312.428571428572
2021-07-15,31763.0,0.0,0.14285714285714285,26880.85714285714
2021-07-16,77331.0,0.0,0.14285714285714285,31130.85714285714
2021-07-17,13496.0,0.0,0.14285714285714285,31668.85714285714
2021-07-18,20593.0,0.0,0.14285714285714285,32964.42857142857
2021-07-19,49783.0,1.0,0.2857142857142857,35787.42857142857
2021-07-20,39387.0,0.0,0.2857142857142857,37654.28571428572
2021-07-21,47595.0,0.0,0.14285714285714285,39992.57142857143
2021-07-22,56389.0,0.0,0.14285714285714285,43510.57142857143
2021-07-23,120768.0,1.0,0.2857142857142857,49715.857142857145
2021-07-24,27500.0,1.0,0.42857142857142855,51716.42857142857
2021-07-25,27097.0,0.0,0.42857142857142855,52645.57142857143
2021-07-26,80832.0,0.0,0.2857142857142857,57081.142857142855
2021-07-27,64824.0,0.0,0.2857142857142857,60715.0
2021-07-28,73145.0,3.0,0.7142857142857143,64365.0
2021-07-29,72829.0,1.0,0.8571428571428571,66713.57142857143
2021-07-30,190580.0,0.0,0.7142857142857143,76686.71428571429
2021-07-31,41915.0,0.0,0.5714285714285714,78746.0
2021-08-01,42888.0,0.0,0.5714285714285714,81001.85714285714
2021-08-02,112414.0,3.0,1.0,85513.57142857143
2021-08-03,96732.0,0.0,1.0,90071.85714285714
2021-08-04,102985.0,0.0,0.5714285714285714,94334.71428571429
2021-08-05,109108.0,1.0,0.5714285714285714,99517.42857142857
2021-08-06,251310.0,0.0,0.5714285714285714,108193.14285714286
2021-08-07,60479.0,2.0,0.8571428571428571,110845.14285714286
2021-08-08,32729.0,0.0,0.8571428571428571,109393.85714285714
2021-08-09,165466.0,0.0,0.42857142857142855,116972.71428571429
2021-08-10,117226.0,1.0,0.5714285714285714,119900.42857142857
2021-08-11,153014.0,0.0,0.5714285714285714,127047.42857142857
2021-08-12,144980.0,0.0,0.42857142857142855,132172.0
2021-08-13,225981.0,0.0,0.42857142857142855,128553.57142857143
2021-08-14,68264.0,0.0,0.14285714285714285,129665.71428571429
2021-08-15,44054.0,0.0,0.14285714285714285,131283.57142857142
2021-08-16,203843.0,0.0,0.14285714285714285,136766.0
2021-08-17,148854.0,0.0,0.0,141284.2857142857
2021-08-18,166596.0,0.0,0.0,143224.57142857142
2021-08-19,154417.0,0.0,0.0,144572.7142857143
2021-08-20,240034.0,0.0,0.0,146580.2857142857
2021-08-21,82516.0,0.0,0.0,148616.2857142857
2021-08-22,40175.0,0.0,0.0,148062.14285714287
2021-08-23,223090.0,0.0,0.0,150811.7142857143
2021-08-24,155103.0,7.0,1.0,151704.42857142858
2021-08-25,172463.0,0.0,1.0,152542.57142857142
2021-08-26,187691.0,1.0,1.1428571428571428,157296.0
2021-08-27,238487.0,1.0,1.2857142857142858,157075.0
2021-08-28,72898.0,0.0,1.2857142857142858,155701.0
2021-08-29,45624.0,3.0,1.7142857142857142,156479.42857142858
2021-08-30,239545.0,0.0,1.7142857142857142,158830.14285714287
2021-08-31,180280.0,0.0,0.7142857142857143,162426.85714285713
2021-09-01,196675.0,0.0,0.7142857142857143,165885.7142857143
2021-09-02,175865.0,0.0,0.5714285714285714,164196.2857142857
2021-09-03,237333.0,0.0,0.42857142857142855,164031.42857142858
2021-09-04,77141.0,0.0,0.42857142857142855,164637.57142857142
2021-09-05,52245.0,0.0,0.0,165583.42857142858
2021-09-06,80535.0,0.0,0.0,142867.7142857143
2021-09-07,242277.0,0.0,0.0,151724.42857142858
2021-09-08,177921.0,0.0,0.0,149045.2857142857
2021-09-09,165431.0,0.0,0.0,147554.7142857143
2021-09-10,232296.0,0.0,0.0,146835.14285714287
2021-09-11,78132.0,0.0,0.0,146976.7142857143
2021-09-12,44926.0,0.0,0.0,145931.14285714287
2021-09-13,235250.0,0.0,0.0,168033.2857142857
2021-09-14,142677.0,0.0,0.0,153804.7142857143
2021-09-15,176360.0,0.0,0.0,153581.7142857143
2021-09-16,156931.0,0.0,0.0,152367.42857142858
2021-09-17,210610.0,0.0,0.0,149269.42857142858
2021-09-18,71312.0,0.0,0.0,148295.14285714287
2021-09-19,43178.0,0.0,0.0,148045.42857142858
2021-09-20,179286.0,0.0,0.0,140050.57142857142
2021-09-21,117068.0,0.0,0.0,136392.14285714287
2021-09-22,136609.0,0.0,0.0,130713.42857142857
2021-09-23,127577.0,0.0,0.0,126520.0
2021-09-24,176559.0,0.0,0.0,121655.57142857143
2021-09-25,58989.0,0.0,0.0,119895.14285714286
2021-09-26,52260.0,0.0,0.0,121192.57142857143
2021-09-27,159767.0,0.0,0.0,118404.14285714286
2021-09-28,112718.0,0.0,0.0,117782.71428571429
2021-09-29,120972.0,0.0,0.0,115548.85714285714
2021-09-30,111344.0,0.0,0.0,113229.85714285714
2021-10-01,154614.0,4.0,0.5714285714285714,110094.85714285714
2021-10-02,47004.0,0.0,0.5714285714285714,108382.71428571429
2021-10-03,43605.0,0.0,0.5714285714285714,107146.28571428571
2021-10-04,145471.0,5.0,1.2857142857142858,105104.0
2021-10-05,95371.0,0.0,1.2857142857142858,102625.85714285714
2021-10-06,112990.0,0.0,1.2857142857142858,101485.57142857143
2021-10-07,101457.0,0.0,1.2857142857142858,100073.14285714286
2021-10-08,131725.0,1.0,0.8571428571428571,96803.28571428571
2021-10-09,37702.0,4.0,1.4285714285714286,95474.42857142857
2021-10-10,38910.0,0.0,1.4285714285714286,94803.71428571429
2021-10-11,97491.0,0.0,0.7142857142857143,87949.42857142857
2021-10-12,111132.0,0.0,0.7142857142857143,90201.0
2021-10-13,108855.0,0.0,0.7142857142857143,89610.28571428571
2021-10-14,86983.0,0.0,0.7142857142857143,87542.57142857143
2021-10-15,109841.0,0.0,0.5714285714285714,84416.28571428571
2021-10-16,39238.0,0.0,0.0,84635.71428571429
2021-10-17,31083.0,0.0,0.0,83517.57142857143
2021-10-18,100040.0,0.0,0.0,83881.71428571429
2021-10-19,81282.0,0.0,0.0,79617.42857142857
2021-10-20,91953.0,0.0,0.0,77202.85714285714
2021-10-21,77932.0,5.0,0.7142857142857143,75909.85714285714
2021-10-22,96383.0,2.0,1.0,73987.28571428571
2021-10-23,31839.0,0.0,1.0,72930.28571428571
2021-10-24,18573.0,0.0,1.0,71143.14285714286
2021-10-25,111124.0,0.0,1.0,72726.57142857143
2021-10-26,69230.0,0.0,1.0,71004.85714285714
2021-10-27,102378.0,0.0,1.0,72494.14285714286
2021-10-28,75757.0,3.0,0.7142857142857143,72183.42857142857
2021-10-29,95135.0,0.0,0.42857142857142855,72005.14285714286
2021-10-30,33870.0,0.0,0.42857142857142855,72295.28571428571
2021-10-31,32029.0,0.0,0.42857142857142855,74217.57142857143
2021-11-01,111482.0,0.0,0.42857142857142855,74268.71428571429
2021-11-02,70970.0,0.0,0.42857142857142855,74517.28571428571
2021-11-03,85373.0,1.0,0.5714285714285714,72088.0
2021-11-04,81737.0,0.0,0.14285714285714285,72942.28571428571
2021-11-05,96696.0,0.0,0.14285714285714285,73165.28571428571
2021-11-06,34607.0,0.0,0.14285714285714285,73270.57142857143
2021-11-07,36314.0,0.0,0.14285714285714285,73882.71428571429
2021-11-08,109044.0,2.0,0.42857142857142855,73534.42857142857
2021-11-09,79972.0,0.0,0.42857142857142855,74820.42857142857
2021-11-10,95714.0,0.0,0.2857142857142857,76297.71428571429
2021-11-11,56672.0,3.0,0.7142857142857143,72717.0
2021-11-12,144835.0,0.0,0.7142857142857143,79594.0
2021-11-13,43509.0,0.0,0.7142857142857143,80865.71428571429
2021-11-14,31221.0,0.0,0.7142857142857143,80138.14285714286
2021-11-15,134823.0,2.0,0.7142857142857143,83820.85714285714
2021-11-16,87075.0,0.0,0.7142857142857143,84835.57142857143
2021-11-17,112690.0,0.0,0.7142857142857143,87260.71428571429
2021-11-18,110202.0,2.0,0.5714285714285714,94907.85714285714
2021-11-19,126926.0,3.0,1.0,92349.42857142857
2021-11-20,44805.0,1.0,1.1428571428571428,92534.57142857143
2021-11-21,39235.0,2.0,1.4285714285714286,93679.42857142857
2021-11-22,145664.0,0.0,1.1428571428571428,95228.14285714286
2021-11-23,91290.0,1.0,1.2857142857142858,95830.28571428571
2021-11-24,111545.0,0.0,1.2857142857142858,95666.71428571429
2021-11-25,39058.0,1.0,1.1428571428571428,85503.28571428571
2021-11-26,52706.0,0.0,0.7142857142857143,74900.42857142857
2021-11-27,26017.0,2.0,0.8571428571428571,72216.42857142857
2021-11-28,42510.0,1.0,0.7142857142857143,72684.28571428571
2021-11-29,187743.0,4.0,1.2857142857142858,78695.57142857143
2021-11-30,117338.0,1.0,1.2857142857142858,82416.71428571429
2021-12-01,136997.0,0.0,1.2857142857142858,86052.71428571429
2021-12-02,139223.0,0.0,1.1428571428571428,100362.0
2021-12-03,158649.0,1.0,1.2857142857142858,115496.71428571429
2021-12-04,65594.0,3.0,1.4285714285714286,121150.57142857143
2021-12-05,54268.0,3.0,1.7142857142857142,122830.28571428571
2021-12-06,179487.0,2.0,1.4285714285714286,121650.85714285714
2021-12-07,113242.0,8.0,2.4285714285714284,121065.71428571429
2021-12-08,149672.0,0.0,2.4285714285714284,122876.42857142857
2021-12-09,122449.0,1.0,2.5714285714285716,120480.14285714286
2021-12-10,160678.0,0.0,2.4285714285714284,120770.0
2021-12-11,55832.0,1.0,2.142857142857143,119375.42857142857
2021-12-12,51317.0,0.0,1.7142857142857142,118953.85714285714
2021-12-13,187085.0,1.0,1.5714285714285714,120039.28571428571
2021-12-14,114824.0,1.0,0.5714285714285714,120265.28571428571
2021-12-15,143579.0,2.0,0.8571428571428571,119394.85714285714
2021-12-16,141601.0,0.0,0.7142857142857143,122130.85714285714
2021-12-17,192768.0,3.0,1.1428571428571428,126715.14285714286
2021-12-18,77785.0,1.0,1.1428571428571428,129851.28571428571
2021-12-19,87794.0,0.0,1.1428571428571428,135062.2857142857
2021-12-20,242418.0,3.0,1.4285714285714286,142967.0
2021-12-21,178375.0,2.0,1.5714285714285714,152045.7142857143
2021-12-22,240739.0,2.0,1.5714285714285714,165925.7142857143
2021-12-23,269736.0,3.0,2.0,184230.7142857143
2021-12-24,233455.0,0.0,1.5714285714285714,190043.14285714287
2021-12-25,72805.0,0.0,1.4285714285714286,189331.7142857143
2021-12-26,195707.0,4.0,2.0,204747.85714285713
2021-12-27,508608.0,7.0,2.5714285714285716,242775.0
2021-12-28,356004.0,4.0,2.857142857142857,268150.5714285714
2021-12-29,498385.0,1.0,2.7142857142857144,304957.14285714284
2021-12-30,588268.0,0.0,2.2857142857142856,350461.71428571426
2021-12-31,489839.0,5.0,3.0,387088.0
2022-01-01,166270.0,1.0,3.142857142857143,400440.14285714284
2022-01-02,304127.0,1.0,2.7142857142857144,415928.71428571426
2022-01-03,1076455.0,0.0,1.7142857142857142,497049.71428571426
2022-01-04,805555.0,3.0,1.5714285714285714,561271.2857142857
2022-01-05,644454.0,0.0,1.4285714285714286,582138.2857142857
2022-01-06,814640.0,5.0,2.142857142857143,614477.1428571428
2022-01-07,856790.0,3.0,1.8571428571428572,666898.7142857143
2022-01-08,385743.0,0.0,1.7142857142857142,698252.0
2022-01-09,475744.0,1.0,1.7142857142857142,722768.7142857143
2022-01-10,1368382.0,0.0,1.7142857142857142,764472.5714285715
2022-01-11,769245.0,0.0,1.2857142857142858,759285.4285714285
2022-01-12,909536.0,5.0,2.0,797154.2857142857
2022-01-13,840125.0,1.0,1.4285714285714286,800795.0
2022-01-14,858951.0,2.0,1.2857142857142858,801103.7142857143
2022-01-15,393581.0,4.0,1.8571428571428572,802223.4285714285
2022-01-16,467356.0,0.0,1.7142857142857142,801025.1428571428
